-- Déchargement des données de la table posts

INSERT INTO posts (pos_id, pos_label) VALUES
(1,'Directeur/trice'),
(2,'Comptable'),
(3,'Auditeur'),
(4,'Commissaire aux comptes'),
(5,'Directeur/trice des RH'),
(6,'Chargé(e) de recrutement'),
(7,'Chargé(e) de RH'),
(8,'Consultant(e) en recrutement'),
(9,'Assistant(e) RH'),
(10,'Responsable marketing'),
(11,'Administrateur des ventes'),
(12,'Commercial'),
(13,'Chargé de communication'),
(14,'Responsable informatique'),
(15,'Manageur/geuse'),
(16,'Vendeur/deuse');


-- Déchargement des données de la table categories

INSERT INTO categories (cat_id, cat_name, cat_parent_id) VALUES
(1, 'Guitare',NULL),
(2, 'Flûte', NULL),
(3, 'Batterie', NULL),
(4, 'Basse', NULL),
(5, 'Saxophone', NULL),
(6, 'Piano', NULL),
(7, 'Clarinette', 2),
(8, 'Flûte picollo', 2),
(9, 'guitare folk', 1),
(10, 'Flûte en ré', 2),
(11, 'Flûte traversière', 2),
(12, 'guitare flamenco',1),





-- Déchargement des données de la table countries

INSERT INTO countries (cou_id, cou_name) VALUES
('AD', 'Andorre'),
('AE', 'Émirats Arabes Unis'),
('AF', 'Afghanistan'),
('AG', 'Antigua-et-Barbuda'),
('AI', 'Anguilla'),
('AL', 'Albanie'),
('AM', 'Arménie'),
('AN', 'Antilles Néerlandaises'),
('AO', 'Angola'),
('AQ', 'Antarctique'),
('AR', 'Argentine'),
('AS', 'Samoa Américaines'),
('AT', 'Autriche'),
('AU', 'Australie'),
('AW', 'Aruba'),
('AX', 'Îles Åland'),
('AZ', 'Azerbaïdjan'),
('BA', 'Bosnie-Herzégovine'),
('BB', 'Barbade'),
('BD', 'Bangladesh'),
('BE', 'Belgique'),
('BF', 'Burkina Faso'),
('BG', 'Bulgarie'),
('BH', 'Bahreïn'),
('BI', 'Burundi'),
('BJ', 'Bénin'),
('BM', 'Bermudes'),
('BN', 'Brunéi Darussalam'),
('BO', 'Bolivie'),
('BR', 'Brésil'),
('BS', 'Bahamas'),
('BT', 'Bhoutan'),
('BV', 'Île Bouvet'),
('BW', 'Botswana'),
('BY', 'Bélarus'),
('BZ', 'Belize'),
('CA', 'Canada'),
('CC', 'Îles Cocos (Keeling)'),
('CD', 'République Démocratique du Congo'),
('CF', 'République Centrafricaine'),
('CG', 'République du Congo'),
('CH', 'Suisse'),
('CI', 'Côte d Ivoire'),
('CK', 'Îles Cook'),
('CL', 'Chili'),
('CM', 'Cameroun'),
('CN', 'Chine'),
('CO', 'Colombie'),
('CR', 'Costa Rica'),
('CS', 'Serbie-et-Monténégro'),
('CU', 'Cuba'),
('CV', 'Cap-vert'),
('CX', 'Île Christmas'),
('CY', 'Chypre'),
('CZ', 'République Tchèque'),
('DE', 'Allemagne'),
('DJ', 'Djibouti'),
('DK', 'Danemark'),
('DM', 'Dominique'),
('DO', 'République Dominicaine'),
('DZ', 'Algérie'),
('EC', 'Équateur'),
('EE', 'Estonie'),
('EG', 'Égypte'),
('EH', 'Sahara Occidental'),
('ER', 'Érythrée'),
('ES', 'Espagne'),
('ET', 'Éthiopie'),
('FI', 'Finlande'),
('FJ', 'Fidji'),
('FK', 'Îles (malvinas) Falkland'),
('FM', 'États Fédérés de Micronésie'),
('FO', 'Îles Féroé'),
('FR', 'France'),
('GA', 'Gabon'),
('GB', 'Royaume-Uni'),
('GD', 'Grenade'),
('GE', 'Géorgie'),
('GF', 'Guyane Française'),
('GH', 'Ghana'),
('GI', 'Gibraltar'),
('GL', 'Groenland'),
('GM', 'Gambie'),
('GN', 'Guinée'),
('GP', 'Guadeloupe'),
('GQ', 'Guinée Équatoriale'),
('GR', 'Grèce'),
('GS', 'Géorgie du Sud et les Îles Sandwich du Sud'),
('GT', 'Guatemala'),
('GU', 'Guam'),
('GW', 'Guinée-Bissau'),
('GY', 'Guyana'),
('HK', 'Hong-Kong'),
('HM', 'Îles Heard et Mcdonald'),
('HN', 'Honduras'),
('HR', 'Croatie'),
('HT', 'Haïti'),
('HU', 'Hongrie'),
('ID', 'Indonésie'),
('IE', 'Irlande'),
('IL', 'Israël'),
('IM', 'Île de Man'),
('IN', 'Inde'),
('IO', 'Territoire Britannique de l Océan Indien'),
('IQ', 'Iraq'),
('IR', 'République Islamique d Iran'),
('IS', 'Islande'),
('IT', 'Italie'),
('JM', 'Jamaïque'),
('JO', 'Jordanie'),
('JP', 'Japon'),
('KE', 'Kenya'),
('KG', 'Kirghizistan'),
('KH', 'Cambodge'),
('KI', 'Kiribati'),
('KM', 'Comores'),
('KN', 'Saint-Kitts-et-Nevis'),
('KP', 'République Populaire Démocratique de Corée'),
('KR', 'République de Corée'),
('KW', 'Koweït'),
('KY', 'Îles Caïmanes'),
('KZ', 'Kazakhstan'),
('LA', 'République Démocratique Populaire Lao'),
('LB', 'Liban'),
('LC', 'Sainte-Lucie'),
('LI', 'Liechtenstein'),
('LK', 'Sri Lanka'),
('LR', 'Libéria'),
('LS', 'Lesotho'),
('LT', 'Lituanie'),
('LU', 'Luxembourg'),
('LV', 'Lettonie'),
('LY', 'Jamahiriya Arabe Libyenne'),
('MA', 'Maroc'),
('MC', 'Monaco'),
('MD', 'République de Moldova'),
('MG', 'Madagascar'),
('MH', 'Îles Marshall'),
('MK', 'L ex-République Yougoslave de Macédoine'),
('ML', 'Mali'),
('MM', 'Myanmar'),
('MN', 'Mongolie'),
('MO', 'Macao'),
('MP', 'Îles Mariannes du Nord'),
('MQ', 'Martinique'),
('MR', 'Mauritanie'),
('MS', 'Montserrat'),
('MT', 'Malte'),
('MU', 'Maurice'),
('MV', 'Maldives'),
('MW', 'Malawi'),
('MX', 'Mexique'),
('MY', 'Malaisie'),
('MZ', 'Mozambique'),
('NA', 'Namibie'),
('NC', 'Nouvelle-Calédonie'),
('NE', 'Niger'),
('NF', 'Île Norfolk'),
('NG', 'Nigéria'),
('NI', 'Nicaragua'),
('NL', 'Pays-Bas'),
('NO', 'Norvège'),
('NP', 'Népal'),
('NR', 'Nauru'),
('NU', 'Niué'),
('NZ', 'Nouvelle-Zélande'),
('OM', 'Oman'),
('PA', 'Panama'),
('PE', 'Pérou'),
('PF', 'Polynésie Française'),
('PG', 'Papouasie-Nouvelle-Guinée'),
('PH', 'Philippines'),
('PK', 'Pakistan'),
('PL', 'Pologne'),
('PM', 'Saint-Pierre-et-Miquelon'),
('PN', 'Pitcairn'),
('PR', 'Porto Rico'),
('PS', 'Territoire Palestinien Occupé'),
('PT', 'Portugal'),
('PW', 'Palaos'),
('PY', 'Paraguay'),
('QA', 'Qatar'),
('RE', 'Réunion'),
('RO', 'Roumanie'),
('RU', 'Fédération de Russie'),
('RW', 'Rwanda'),
('SA', 'Arabie Saoudite'),
('SB', 'Îles Salomon'),
('SC', 'Seychelles'),
('SD', 'Soudan'),
('SE', 'Suède'),
('SG', 'Singapour'),
('SH', 'Sainte-Hélène'),
('SI', 'Slovénie'),
('SJ', 'Svalbard etÎle Jan Mayen'),
('SK', 'Slovaquie'),
('SL', 'Sierra Leone'),
('SM', 'Saint-Marin'),
('SN', 'Sénégal'),
('SO', 'Somalie'),
('SR', 'Suriname'),
('ST', 'Sao Tomé-et-Principe'),
('SV', 'El Salvador'),
('SY', 'République Arabe Syrienne'),
('SZ', 'Swaziland'),
('TC', 'Îles Turks et Caïques'),
('TD', 'Tchad'),
('TF', 'Terres Australes Françaises'),
('TG', 'Togo'),
('TH', 'Thaïlande'),
('TJ', 'Tadjikistan'),
('TK', 'Tokelau'),
('TL', 'Timor-Leste'),
('TM', 'Turkménistan'),
('TN', 'Tunisie'),
('TO', 'Tonga'),
('TR', 'Turquie'),
('TT', 'Trinité-et-Tobago'),
('TV', 'Tuvalu'),
('TW', 'Taïwan'),
('TZ', 'République-Unie de Tanzanie'),
('UA', 'Ukraine'),
('UG', 'Ouganda'),
('UM', 'Îles Mineures Éloignées des États-Unis'),
('US', 'États-Unis'),
('UY', 'Uruguay'),
('UZ', 'Ouzbékistan'),
('VA', 'Saint-Siège (état de la Cité du Vatican)'),
('VC', 'Saint-Vincent-et-les Grenadines'),
('VE', 'Venezuela'),
('VG', 'Îles Vierges Britanniques'),
('VI', 'Îles Vierges des États-Unis'),
('VN', 'Viet Nam'),
('VU', 'Vanuatu'),
('WF', 'Wallis et Futuna'),
('WS', 'Samoa'),
('YE', 'Yémen'),
('YT', 'Mayotte'),
('ZA', 'Afrique du Sud'),
('ZM', 'Zambie'),
('ZW', 'Zimbabwe');

-- Déchargement des données de la table customers

INSERT INTO customers ( cus_id, cus_lastname, cus_firstname, cus_adress, cus_pc, cus_city, cus_phone, cus_email, cus_bill_address , cus_bill_pc , cus_bill_city, cus_delivery_adress , cus_delivery_pc, cus_delivery_city, cus_type, cus_coef, cus_emp_id , cus_cou_id ) VALUES 
( 1, 'AL JELALI', 'Leïla', '20 rue Laurent De Lavoisier', '75000', 'Paris', '0322232425', 'aljelalil@gmail.fr', '3 rue Albert Camus' , '75000' , 'Paris', '20 rue Laurent De Lavoisier' , '75000', 'Paris', 'professionel', 2, 3, 'FR' ),
( 2, 'ESSONE MELOLE', 'Ilham', '16 rue du général leclerc', '80000', 'Amiens', '0654434556', 'essone.melole@ilham.ls', '16 rue du géneral Leclerc' , '80000' , 'Amiens', '16 rue du general Leclerc' , '80000', 'Amiens', 'particulier', 6, 5, 'FR' ),
( 3, 'AL JELALI', 'Mohamed', '20 rue des la république', '59000', 'Orléans', '0622292529', 'aljelalim@alj.fr', '20 rue de la république' , '59000' , 'Orléans', '20 rue de la république' , '59000', 'Orléans', 'professionel', 1, 3, 'FR' ),
( 4, 'EL JILALI', 'Hamza', '25 rue Auguste Renoire', '80000', 'Amiens', '0654434556', 'hamza.elj@kebdani.ma', '25 rue Auguste Renoire' , '80000' , 'Amiens', '25 rue Auguste Renoire' , '80000', 'Amiens', 'particulier', 4, 5, 'FR' ),
( 5, 'LOUIS', 'Olivier', '3 Place Charles de Gaulle', '75008', 'Paris', '0765432109', 'louis.o@gmail.us', '3 Place Charles de Gaulle' , '75008' , 'Paris', '3 Place Charles de Gaulle' , '75008', 'Paris', 'professionel', 5, 3, 'FR' ),
( 6, 'ARZALAï', 'Sara', 'El Corniche Road', ' 84511', 'Hurghada', '0654434556', 'arz.sa@hurgada.eg', 'El Corniche Road' , '84511' , 'Hurghada', 'El Corniche Road' , '84511', 'Hurghada', 'professionel', 1, 3, 'EG' ),


-- Déchargement des données de la table employees

INSERT INTO employees (emp_id, emp_sup_id, emp_pos_id, emp_lastname, emp_firstname, emp_adress, emp_pc, emp_city, emp_email, emp_phone, emp_salary, emp_d_entree, emp_sex, emp_numb_children) VALUES
(3, NULL, 1, 'AL JELALI', 'Souleimane', '20 rue des francs juges', '80000', 'Amiens', 'soulei.alj@gmail.com', '0601020304', '3500.00', '2000-01-01', 'M', 3),
(2, 3, 2, 'OURIR', 'Jahid', 'C Square Henri Matisse', '80080', 'Amiens', 'zitzitoun@laposte.net', '0123456789', '2970.00', '2011-03-24', 'M', 0),
(5, 3, 5, 'MEDINE', 'Morgane', '24 avenue Martin', '75009', 'Paris', 'morgane.mdh@outlook.com', '0102030405', '2576.00', '2017-01-04', 'F', 0),
(6, 5, 4, 'MANCERA', 'Mickeal', '56 avenue de picardie', '80000', 'Amiens', 'mencera@yahoo.fr', '0612345678', '2000.00', '2012-05-26', 'M', 2),
(7, 2, 3, 'ABDELATIF', 'Amine', '4 route d authieul', '86000', 'Doullens', 'amine@hotmail.com', '0102030405', '2000.00', '2018-05-28', 'F', 3),
(86, 2, 6, 'AL JELALI', 'iliess', '40 rue Gustave Charpentier', '59000', 'Lille', 'Ilibiz@zenitra.com', '0612342341', '2970.00', '2010-07-25', 'M', 5),
(16, 7, 7, 'MEDDAH', 'Anas', '3 rue des droits de l homme', '45000', 'Orléans', 'ananas@msn.com', '0660660006', '3802.00', '2013-03-07', 'M', 1),
(37, 7, 8, 'LOUIS', 'Khadidja', '13 allée des Violaine', '95000', 'Paris', 'khadouj@sfr.fr', '0770770007', '26481.00', '2004-02-09', 'F', 1),
(22, 7, 10, 'LOUIS', 'Ilham', '12 rue Alexandre Dumas', '60200 ', 'Compiègne', 'Ninam@hotmail.fr', '0610203040', '3532.00', '2015-05-21', 'F', 0),
(47, 22, 9, 'SPARIAT', 'Aline', '10 rue Alexandre Dumas', '60200', 'Compiègne', 'a.spariat@laposte.net', '0650607080', '3506.00', '2017-11-23', 'F', 0)

-- Déchargement des données de la table orders

INSERT INTO orders (ord_id, ord_cus_id, ord_date, ord_date_payment, ord_date_ship, ord_date_delivery, ord_bill_address, ord_bill_pc, ord_bill_city, ord_delivery_adress, ord_delivery_pc, ord_delivery_city, ord_status ) VALUES
(1, 2, '2016-06-24 00:00:00', '2016-06-24 00:00:00', '2016-07-04 00:00:00', '2016-07-02 00:00:00', '16 rue du général leclerc', '80000', 'Amiens', '16 rue du général leclerc', '80000', 'Amiens', 'Commande urgente' ),
(2, 5, '2017-07-04 00:00:00', '2017-07-04 00:00:00', '2017-07-14 00:00:00', '2017-07-10 00:00:00', '3 Place Charles de Gaulle', '75008', 'Paris', '3 Place Charles de Gaulle', '75008', 'Paris', 'Commande urgente' ),
(3, 1,'2018-10-04 00:00:00', '2018-10-04 00:00:00', '2018-10-21 00:00:00', '2018-10-10 00:00:00', '3 rue Albert Camus', '75000', 'Paris', '20 rue Laurent De Lavoisier', '75000', 'Paris', '' ),
(4, 4,'2019-05-10 00:00:00', '2019-05-10 00:00:00', '2019-05-29 00:00:00', '2019-05-17 00:00:00', '25 rue Auguste Renoire', '80000', 'Amiens', '25 rue Auguste Renoire', '80000', 'Amiens', ''),
(5, 6,'2018-02-01 00:00:00', '2018-02-01 00:00:00', '2018-02-16 00:00:00', '2018-07-09 00:00:00', 'El Corniche Road', '84511', 'Hurghada', 'El Corniche Road', '84511', 'Hurghada', 'Commande urgente' ),
(6, 3,'2019-07-04 00:00:00', '2019-07-04 00:00:00', '2019-07-04 00:00:00', '2019-07-04 00:00:00', '20 rue des la république', '59000', 'Orléans', '20 rue des la république', '59000', 'Orléans', ''),

-- Déchargement des données de la table order_details

INSERT INTO order_details (ode_id, ode_ord_id, ode_pro_id, ode_qantity, ode_unit_price, ode_discount)VALUES
(1,4,6,5,6.00,''),
(2,3,4,6,6.00,''),
(3,6,2,7,6.00,''),
(4,5,3,9,6.00,''),
(5,2,1,5,6.00,''),
(6,1,5,2,6.00,''),

-- Déchargement des données de la table products

INSERT INTO products( pro_id, pro_cat_id, pro_ref, pro_label, pro_price,  pro_description, pro_stock, pro_sup_id, pro_add, pro_update, pro_picture) VALUES
(1, 6, 'PIA001', 'Piano à queue ', '4110.00', 'Lorem ipsum dolor sit amet, consectetur adipiscing elit. In porttitor sit amet ipsum sit amet dapibus. Cras suscipit neque ac magna sagittis lobortis. Duis venenatis enim ac nisl luctus, a scelerisque velit porttitor. Integer nec massa quis urna mollis consectetur et et nisl. Nullam eget nunc vitae nisl convallis faucibus. Vestibulum dapibus, metus nec molestie lobortis, nunc sem mollis tortor, et auctor dolor nunc at nisi. Pellentesque sit amet turpis nisi. ', 2, 1, '2018-04-18', NULL, 'jpg'),
(2, 6, 'PIA002', 'Clavecin','50249.99', 'Curabitur pellentesque posuere luctus. Sed et risus vel quam pharetra pretium non quis odio. Praesent varius risus vel orci ultrices tincidunt.',  0, 3, '2016-06-14', NULL, 'jpg'),
(3, 11, 'FLU001', 'Flûte traversière', '109.00', 'Fusce interdum ex justo, vel imperdiet erat volutpat non. Donec et maximus lacus. ',  25, 4, '2018-08-01', NULL, 'png'),
(6, 1, 'GUI410', 'Guitare electrique','419.90', 'Nulla at consequat orci.',  50, 1, '2018-08-13', NULL, 'png'),
(7, 3, 'BAT002', 'Batterie', '724.90','Curabitur varius interdum nulla, sit amet consequat massa. Vestibulum rutrum leo lectus. Phasellus sit amet viverra velit.',  1, 4, '2018-03-15', NULL, 'png'),
(8, 5, 'SAX055', 'Saxophone', '531.19', 'Pellentesque fermentum ut est sagittis feugiat. Morbi in turpis augue. Maecenas dapibus ligula velit, ac gravida risus imperdiet in.',  0, 2, '2018-08-19', NULL, 'png' ),
(9, 7, 'CLA559', 'Clarinette', '214.90', 'raesent ante felis, iaculis vitae lectus sed, luctus laoreet metus. Aenean mattis egestas eleifend. Morbi dictum erat ut lorem porta, a volutpat nibh ultrices. Nunc ut tortor ac velit fringilla dictum at non nulla.',  4, 5, '2018-04-13', NULL, 'png'),
(13, 4, 'BAS121', 'Basse', '312.00', 'Integer aliquet accumsan eleifend. Pellentesque mauris tortor, ultricies a pulvinar ut, fringilla ac mi. Sed consequat, nibh at tempus porttitor, tellus nunc dictum nulla, sed finibus felis augue sed libero. Donec augue mi, mattis et orci ac, mollis feugiat elit.',  0, 1, '2018-03-17', NULL, 'jpg'),


-- Déchargement des données de la table suppliers

INSERT INTO suppliers (sup_id, sup_name, sup_city, sup_cou_id, sup_adress, sup_pc, sup_represent, sup_phone, sup_email, sup_type) VALUES
(1, 'Musikhaus Thomann', ' Burgebrach', 'DE', 'Treppendorf 30', 'D-96138 -', 'Nicolas Dujardin', '+49-9546-9223-640', 'france@thomann.de','Importateur'),
(2, 'Woodbrass Store', 'Paris', 'FR', '172 av Jean Jaurès', '75019', 'LAURA', '0611111117', 'france@woodbrass.fr','Importateur'),
(3, 'Amazon', 'Boves', 'FR', 'Jules Verne Business Park', '80440', 'Julien Monard', '0364460250', 'service.client@amazon.us','Constructeur'),
(4, 'Michenaud', 'Nantes', 'FR', '18 allée Baco ', '44000 ', 'Arsène Louis', '0240353042', 'a.louis@michenaud.com','Importateur'),
(5, 'Gear4Music', 'Manchester', 'GB', '4th Floor 1 Portland Street', 'M1 3BE', 'Andrews Mayers', '0975182486', 'info@gear4music.uk','Constructeur');

